{"running-pi-loss": 0.7792521048445563, "running-v_losses": 0.2102527645076948, "run_loss": 0.9895048693522511, "_step": 33474, "_runtime": 1931, "_timestamp": 1633149234, "pwins": 15, "nwins": 0, "draws": 45}