{"running-pi-loss": 1.6232468961160393, "running-v_losses": 0.5138534975202778, "run_loss": 2.137100393636317, "_step": 790, "_runtime": 25, "_timestamp": 1633077887, "pwins": 1, "nwins": 8, "draws": 31}