{"running-pi-loss": 0.7545028603101362, "running-v_losses": 0.04301452172464943, "run_loss": 0.7975173820347857, "_step": 38504, "_runtime": 641, "_timestamp": 1633308427, "pwins": 0, "nwins": 0, "draws": 60}