{"running-pi-loss": 0.9659761034026004, "running-v_losses": 0.19674840617445435, "run_loss": 1.1627245095770549, "_step": 31254, "_runtime": 183, "_timestamp": 1633128255, "pwins": 0, "nwins": 0, "draws": 60}