{"running-pi-loss": 0.931963622840968, "running-v_losses": 0.18585378720679066, "run_loss": 1.1178174100477587, "_step": 33674, "_runtime": 240, "_timestamp": 1633127890, "pwins": 0, "nwins": 0, "draws": 60}