{"running-pi-loss": 0.9403091415137907, "running-v_losses": 0.23246703517292247, "run_loss": 1.1727761766867133, "_step": 35114, "_runtime": 365, "_timestamp": 1633307345, "pwins": 3, "nwins": 0, "draws": 57}