{"running-pi-loss": 1.319912288499915, "running-v_losses": 0.3599800113318623, "run_loss": 1.6798922998317773, "_step": 1035, "_runtime": 29, "_timestamp": 1633079472, "pwins": 0, "nwins": 4, "draws": 56}