{"running-pi-loss": 1.8536081417747166, "running-v_losses": 0.46286780808282935, "run_loss": 2.316475949857546, "_step": 230, "_runtime": 31, "_timestamp": 1633083478, "pwins": 5, "nwins": 23, "draws": 32}