{"running-pi-loss": 1.648569182916121, "running-v_losses": 0.5279659195379778, "run_loss": 2.176535102454099, "_step": 304, "_runtime": 13, "_timestamp": 1633080150}