{"running-pi-loss": 1.0331495711389853, "running-v_losses": 0.22530189810358747, "run_loss": 1.2584514692425728, "_step": 19899, "_runtime": 275, "_timestamp": 1633078327, "pwins": 1, "nwins": 0, "draws": 39}