{"running-pi-loss": 1.0434039533138275, "running-v_losses": 0.2507065124809742, "run_loss": 1.2941104657948017, "_step": 13060, "_runtime": 181, "_timestamp": 1633079433, "pwins": 0, "nwins": 0, "draws": 40}