{"running-pi-loss": 0.8012630665025046, "running-v_losses": 0.16790382018269495, "run_loss": 0.9691668866851995, "_step": 33524, "_runtime": 1400, "_timestamp": 1633086574, "pwins": 0, "nwins": 0, "draws": 60}