{"running-pi-loss": 1.0286275609314293, "running-v_losses": 0.6440767597041142, "run_loss": 1.6727043206355434, "_step": 32054, "_runtime": 404, "_timestamp": 1633143158, "pwins": 13, "nwins": 16, "draws": 31}