{"running-pi-loss": 1.0799926142040774, "running-v_losses": 0.25707064022263176, "run_loss": 1.3370632544267091, "_step": 2722, "_runtime": 34, "_timestamp": 1633081760, "pwins": 0, "nwins": 0, "draws": 60}