{"running-pi-loss": 0.9988185994272948, "running-v_losses": 0.22114289108185733, "run_loss": 1.219961490509152, "_step": 32124, "_runtime": 344, "_timestamp": 1633094535, "pwins": 0, "nwins": 0, "draws": 60}