{"running-pi-loss": 0.8000751779157929, "running-v_losses": 0.04868055939570897, "run_loss": 0.8487557373115018, "_step": 38304, "_runtime": 683, "_timestamp": 1633149422, "pwins": 0, "nwins": 0, "draws": 60}