{"running-pi-loss": 0.8469055498977309, "running-v_losses": 0.5058482313185062, "run_loss": 1.3527537812162371, "_step": 31324, "_runtime": 310, "_timestamp": 1633142422, "pwins": 2, "nwins": 1, "draws": 57}