{"running-pi-loss": 1.5199821662902833, "running-v_losses": 0.44801064908504484, "run_loss": 1.967992815375328, "_step": 731, "_runtime": 86, "_timestamp": 1633083223, "pwins": 0, "nwins": 14, "draws": 46}