{"running-pi-loss": 0.6668813602377971, "running-v_losses": 0.06179894282443759, "run_loss": 0.7286803030622346, "_step": 37724, "_runtime": 621, "_timestamp": 1633151326, "pwins": 0, "nwins": 0, "draws": 60}