{"running-pi-loss": 0.9579746617446189, "running-v_losses": 0.1399196540387533, "run_loss": 1.0978943157833723, "_step": 35274, "_runtime": 426, "_timestamp": 1633094974, "pwins": 0, "nwins": 0, "draws": 60}