{"running-pi-loss": 0.97755718142898, "running-v_losses": 0.34522349746138964, "run_loss": 1.3227806788903695, "_step": 30754, "_runtime": 182, "_timestamp": 1633127042, "pwins": 3, "nwins": 0, "draws": 57}