{"running-pi-loss": 0.9004031769268176, "running-v_losses": 0.4316434587171565, "run_loss": 1.332046635643974, "_step": 30214, "_runtime": 164, "_timestamp": 1633127447, "pwins": 10, "nwins": 1, "draws": 49}