{"running-pi-loss": 0.7825407189549315, "running-v_losses": 0.14004991867423924, "run_loss": 0.9225906376291707, "_step": 31874, "_runtime": 338, "_timestamp": 1633096103, "pwins": 0, "nwins": 3, "draws": 57}