{"running-pi-loss": 1.0322585483781652, "running-v_losses": 0.2534006579955614, "run_loss": 1.2856592063737267, "_step": 24694, "_runtime": 131, "_timestamp": 1633128652, "pwins": 9, "nwins": 5, "draws": 46}