{"running-pi-loss": 0.7344606830545876, "running-v_losses": 0.40442963321568615, "run_loss": 1.1388903162702737, "_step": 32394, "_runtime": 167, "_timestamp": 1633128066, "pwins": 3, "nwins": 1, "draws": 56}