{"running-pi-loss": 0.9040614213618933, "running-v_losses": 0.4607863749587099, "run_loss": 1.3648477963206032, "_step": 29394, "_runtime": 155, "_timestamp": 1633126851, "pwins": 8, "nwins": 5, "draws": 47}