{"running-pi-loss": 0.7057119512039682, "running-v_losses": 0.08932213032132258, "run_loss": 0.7950340815252908, "_step": 35464, "_runtime": 425, "_timestamp": 1633096543, "pwins": 0, "nwins": 0, "draws": 60}