{"running-pi-loss": 0.6612434089824718, "running-v_losses": 0.10415085284940657, "run_loss": 0.7653942618318784, "_step": 36064, "_runtime": 424, "_timestamp": 1633095751, "pwins": 14, "nwins": 2, "draws": 44}