{"running-pi-loss": 0.6454485151502821, "running-v_losses": 0.019251460091897633, "run_loss": 0.6646999752421797, "_step": 38934, "_runtime": 1514, "_timestamp": 1633152856, "pwins": 0, "nwins": 0, "draws": 60}