{"running-pi-loss": 1.0293839682662298, "running-v_losses": 0.6008273736036643, "run_loss": 1.6302113418698942, "_step": 30924, "_runtime": 493, "_timestamp": 1633142096, "pwins": 10, "nwins": 30, "draws": 20}