{"running-pi-loss": 0.8559440887389491, "running-v_losses": 0.17864996028035435, "run_loss": 1.0345940490193035, "_step": 30554, "_runtime": 323, "_timestamp": 1633095309, "pwins": 0, "nwins": 0, "draws": 60}