{"running-pi-loss": 1.0724168469508488, "running-v_losses": 0.26186426146887243, "run_loss": 1.3342811084197213, "_step": 30064, "_runtime": 331, "_timestamp": 1633096892, "pwins": 0, "nwins": 0, "draws": 60}