{"running-pi-loss": 0.7727770031019069, "running-v_losses": 0.12214074263097027, "run_loss": 0.8949177457328772, "_step": 35534, "_runtime": 1609, "_timestamp": 1633094170, "pwins": 0, "nwins": 0, "draws": 60}