{"running-pi-loss": 0.8413579165935516, "running-v_losses": 0.10674259229059214, "run_loss": 0.9481005088841438, "_step": 36494, "_runtime": 244, "_timestamp": 1633128510, "pwins": 0, "nwins": 0, "draws": 60}