{"running-pi-loss": 0.9456969647562421, "running-v_losses": 0.4018375482194108, "run_loss": 1.3475345129756529, "_step": 33314, "_runtime": 1971, "_timestamp": 1633145142, "pwins": 4, "nwins": 0, "draws": 56}