{"running-pi-loss": 0.9837344642577133, "running-v_losses": 0.43966145865962436, "run_loss": 1.4233959229173376, "_step": 28914, "_runtime": 285, "_timestamp": 1633306965, "pwins": 12, "nwins": 7, "draws": 41}