{"running-pi-loss": 0.8258143183949229, "running-v_losses": 0.13682065994611808, "run_loss": 0.9626349783410411, "_step": 35124, "_runtime": 415, "_timestamp": 1633307771, "pwins": 0, "nwins": 0, "draws": 60}