{"running-pi-loss": 0.812397712816572, "running-v_losses": 0.16491839663864785, "run_loss": 0.9773161094552199, "_step": 34584, "_runtime": 196, "_timestamp": 1633128859, "pwins": 0, "nwins": 0, "draws": 60}