{"running-pi-loss": 0.7193886329184521, "running-v_losses": 0.11443663566977114, "run_loss": 0.8338252685882233, "_step": 34804, "_runtime": 1568, "_timestamp": 1633088160, "pwins": 0, "nwins": 0, "draws": 60}