{"running-pi-loss": 1.0339145226912065, "running-v_losses": 0.477104054255919, "run_loss": 1.5110185769471256, "_step": 18545, "_runtime": 774, "_timestamp": 1633121254, "pwins": 24, "nwins": 4, "draws": 32}