{"running-pi-loss": 1.0020188002288342, "running-v_losses": 0.21909532662481068, "run_loss": 1.221114126853645, "_step": 31154, "_runtime": 185, "_timestamp": 1633127641, "pwins": 3, "nwins": 0, "draws": 57}