{"running-pi-loss": 0.7098458369788916, "running-v_losses": 0.1216840257463248, "run_loss": 0.8315298627252163, "_step": 36084, "_runtime": 247, "_timestamp": 1633129114, "pwins": 5, "nwins": 0, "draws": 55}