{"running-pi-loss": 0.9110736233260244, "running-v_losses": 0.46444684968059285, "run_loss": 1.3755204730066173, "_step": 31174, "_runtime": 303, "_timestamp": 1633142741, "pwins": 7, "nwins": 1, "draws": 52}