{"running-pi-loss": 1.0793079525153264, "running-v_losses": 0.2362760791372241, "run_loss": 1.3155840316525504, "_step": 28904, "_runtime": 1269, "_timestamp": 1633089450, "pwins": 9, "nwins": 10, "draws": 41}