{"running-pi-loss": 1.0699401731426652, "running-v_losses": 0.22685064556630882, "run_loss": 1.296790818708974, "_step": 3044, "_runtime": 40, "_timestamp": 1633126642, "pwins": 0, "nwins": 0, "draws": 60}