{"running-pi-loss": 0.6822913374048639, "running-v_losses": 0.02121198692972198, "run_loss": 0.7035033243345858, "_step": 39464, "_runtime": 1263, "_timestamp": 1633150695, "pwins": 0, "nwins": 0, "draws": 60}