{"running-pi-loss": 0.7770503288273207, "running-v_losses": 0.16841431347628869, "run_loss": 0.9454646423036094, "_step": 35044, "_runtime": 1487, "_timestamp": 1633092541, "pwins": 0, "nwins": 0, "draws": 60}