{"running-pi-loss": 0.8745677479737096, "running-v_losses": 0.11579166034714496, "run_loss": 0.9903594083208546, "_step": 31294, "_runtime": 217, "_timestamp": 1633127271, "pwins": 0, "nwins": 0, "draws": 60}