{"running-pi-loss": 0.821874372644142, "running-v_losses": 0.14493410946092736, "run_loss": 0.9668084821050693, "_step": 33824, "_runtime": 1566, "_timestamp": 1633091036, "pwins": 6, "nwins": 0, "draws": 54}