{"running-pi-loss": 0.7109851968144217, "running-v_losses": 0.016911627888299745, "run_loss": 0.7278968247027214, "_step": 39164, "_runtime": 1699, "_timestamp": 1633296939, "pwins": 0, "nwins": 0, "draws": 60}