{"running-pi-loss": 1.6189581298828124, "running-v_losses": 0.2748043656349182, "run_loss": 1.8937624955177306, "_step": 250, "_runtime": 15, "_timestamp": 1633082745, "pwins": 1, "nwins": 4, "draws": 55}