{"running-pi-loss": 0.9602320083117081, "running-v_losses": 0.2047673020935809, "run_loss": 1.164999310405289, "_step": 31774, "_runtime": 381, "_timestamp": 1633097289, "pwins": 4, "nwins": 0, "draws": 56}