{"running-pi-loss": 0.8814732796417739, "running-v_losses": 0.12056115773802031, "run_loss": 1.0020344373797943, "_step": 17669, "_runtime": 246, "_timestamp": 1633079188, "pwins": 4, "nwins": 0, "draws": 36}