{"running-pi-loss": 0.8865893731970306, "running-v_losses": 0.16236040881330813, "run_loss": 1.0489497820103386, "_step": 33594, "_runtime": 1538, "_timestamp": 1633085155, "pwins": 0, "nwins": 0, "draws": 60}