{"running-pi-loss": 1.1284619960868567, "running-v_losses": 0.21428500694925326, "run_loss": 1.34274700303611, "_step": 11246, "_runtime": 98, "_timestamp": 1633081938, "pwins": 0, "nwins": 0, "draws": 60}