{"running-pi-loss": 0.8095837733804933, "running-v_losses": 0.06597839387450599, "run_loss": 0.8755621672549992, "_step": 37744, "_runtime": 3139, "_timestamp": 1633142886, "pwins": 0, "nwins": 0, "draws": 60}