{"running-pi-loss": 0.6959714483783905, "running-v_losses": 0.017439085778018906, "run_loss": 0.7134105341564094, "_step": 39364, "_runtime": 5815, "_timestamp": 1633148722, "pwins": 0, "nwins": 0, "draws": 60}