{"running-pi-loss": 0.8045976721879208, "running-v_losses": 0.11793627217411995, "run_loss": 0.9225339443620407, "_step": 60539, "_runtime": 379, "_timestamp": 1633082388, "pwins": 0, "nwins": 0, "draws": 60}