{"running-pi-loss": 1.0695539468549677, "running-v_losses": 0.2726086076648756, "run_loss": 1.3421625545198435, "_step": 7263, "_runtime": 117, "_timestamp": 1633078044, "pwins": 0, "nwins": 0, "draws": 40}