{"running-pi-loss": 0.7521694466775778, "running-v_losses": 0.20749331074777375, "run_loss": 0.9596627574253516, "_step": 33404, "_runtime": 2128, "_timestamp": 1633147286, "pwins": 0, "nwins": 0, "draws": 60}