{"running-pi-loss": 0.9757057762694085, "running-v_losses": 0.31333975603525666, "run_loss": 1.289045532304665, "_step": 32694, "_runtime": 2040, "_timestamp": 1633141582, "pwins": 5, "nwins": 0, "draws": 55}