{"running-pi-loss": 0.8691660283968367, "running-v_losses": 0.193905975252133, "run_loss": 1.0630720036489696, "_step": 22467, "_runtime": 293, "_timestamp": 1633077411}